Workbook

Sheet INDICAÇÕES
A1: 🏆 PAINEL DE INDICAÇÕES — EQUIPE COMERCIAL
A2: Atualize a coluna 'Total de Indicações' com o número acumulado do vendedor
A4: # | B4: VENDEDOR | C4: TOTAL DE INDICAÇÕES | D4: ÚLTIMA ATUALIZAÇÃO | E4: META MENSAL | F4: % DA META
A5: 1 | B5: Ana Carolina Silva | C5: 0 | E5: 30 | F5: =IFERROR(C5/E5,0) -> 0
A6: 2 | B6: Bruno Ferreira | C6: 0 | E6: 30 | F6: =IFERROR(C6/E6,0) -> 0
A7: 3 | B7: Camila Rodrigues | C7: 0 | E7: 30 | F7: =IFERROR(C7/E7,0) -> 0
A8: 4 | B8: Daniel Oliveira | C8: 0 | E8: 30 | F8: =IFERROR(C8/E8,0) -> 0
A9: 5 | B9: Eduardo Santos | C9: 0 | E9: 30 | F9: =IFERROR(C9/E9,0) -> 0
A10: 6 | B10: Fernanda Lima | C10: 0 | E10: 30 | F10: =IFERROR(C10/E10,0) -> 0
A11: 7 | B11: Gabriel Costa | C11: 0 | E11: 30 | F11: =IFERROR(C11/E11,0) -> 0
A12: 8 | B12: Helena Martins | C12: 0 | E12: 30 | F12: =IFERROR(C12/E12,0) -> 0
A13: 9 | B13: Igor Pereira | C13: 0 | E13: 30 | F13: =IFERROR(C13/E13,0) -> 0
A14: 10 | B14: Juliana Alves | C14: 0 | E14: 30 | F14: =IFERROR(C14/E14,0) -> 0
A15: TOTAL GERAL | C15: =SUM(C5:C14) -> 0

Sheet DASHBOARD_DATA
A1: vendedor | B1: indicacoes | C1: meta | D1: pct_meta | F1: ℹ️ Esta aba espelha os dados para exportação ao dashboard HTML.
A2: =INDICAÇÕES!B5 -> Ana Carolina Silva | B2: =INDICAÇÕES!C5 -> 0 | C2: =INDICAÇÕES!E5 -> 30 | D2: =INDICAÇÕES!F5 -> 0
A3: =INDICAÇÕES!B6 -> Bruno Ferreira | B3: =INDICAÇÕES!C6 -> 0 | C3: =INDICAÇÕES!E6 -> 30 | D3: =INDICAÇÕES!F6 -> 0
A4: =INDICAÇÕES!B7 -> Camila Rodrigues | B4: =INDICAÇÕES!C7 -> 0 | C4: =INDICAÇÕES!E7 -> 30 | D4: =INDICAÇÕES!F7 -> 0
A5: =INDICAÇÕES!B8 -> Daniel Oliveira | B5: =INDICAÇÕES!C8 -> 0 | C5: =INDICAÇÕES!E8 -> 30 | D5: =INDICAÇÕES!F8 -> 0
A6: =INDICAÇÕES!B9 -> Eduardo Santos | B6: =INDICAÇÕES!C9 -> 0 | C6: =INDICAÇÕES!E9 -> 30 | D6: =INDICAÇÕES!F9 -> 0
A7: =INDICAÇÕES!B10 -> Fernanda Lima | B7: =INDICAÇÕES!C10 -> 0 | C7: =INDICAÇÕES!E10 -> 30 | D7: =INDICAÇÕES!F10 -> 0
A8: =INDICAÇÕES!B11 -> Gabriel Costa | B8: =INDICAÇÕES!C11 -> 0 | C8: =INDICAÇÕES!E11 -> 30 | D8: =INDICAÇÕES!F11 -> 0
A9: =INDICAÇÕES!B12 -> Helena Martins | B9: =INDICAÇÕES!C12 -> 0 | C9: =INDICAÇÕES!E12 -> 30 | D9: =INDICAÇÕES!F12 -> 0
A10: =INDICAÇÕES!B13 -> Igor Pereira | B10: =INDICAÇÕES!C13 -> 0 | C10: =INDICAÇÕES!E13 -> 30 | D10: =INDICAÇÕES!F13 -> 0
A11: =INDICAÇÕES!B14 -> Juliana Alves | B11: =INDICAÇÕES!C14 -> 0 | C11: =INDICAÇÕES!E14 -> 30 | D11: =INDICAÇÕES!F14 -> 0
